<?xml version='1.0' encoding='utf-8'?>
<Server port="8007" shutdown="SHUTDOWN">
  <Listener className="org.apache.catalina.core.AprLifecycleListener" SSLEngine="on" />
  <Listener className="org.apache.catalina.core.JasperListener" />
  <Listener className="org.apache.catalina.core.JreMemoryLeakPreventionListener" />

  <GlobalNamingResources>
    <Resource name="UserDatabase" auth="Container"
              type="org.apache.catalina.UserDatabase"
              description="User database that can be updated and saved"
              factory="org.apache.catalina.users.MemoryUserDatabaseFactory"
              pathname="conf/tomcat-users.xml" />
  </GlobalNamingResources>

  <Service name="Catalina">
    <Connector port="80" protocol="HTTP/1.1" connectionTimeout="30000"
			   maxThreads="500" enableLookups="false" acceptCount="500" 
			   disableUploadTimeout="true" URIEncoding="utf-8"  redirectPort="8443" />
    <Connector port="8011" protocol="AJP/1.3"  maxThreads="1024" redirectPort="8443" />
    <Engine name="Catalina" defaultHost="localhost">
      <Realm className="org.apache.catalina.realm.UserDatabaseRealm"
             resourceName="UserDatabase"/>
      <Host name="localhost"  appBase="webapps" unpackWARs="true" autoDeploy="true">
      </Host>
    </Engine>
  </Service>
</Server>
